{"tag": "EVAL - BiLSTM - OPP115", "wall_time_sec": 3.756813701009378, "cpu_user_sec": 3.21, "cpu_system_sec": 0.14000000000000012, "ram_delta_mb": 181.375, "gpu_peak_mem_mb": 341.1904296875}
