{"tag": "EVAL - ROBERTA - OPP115", "wall_time_sec": 65.88787478400627, "cpu_user_sec": 66.22, "cpu_system_sec": 0.06000000000000005, "ram_delta_mb": 54.453125, "gpu_peak_mem_mb": 847.0771484375}
