{"tag": "TRAINING - BERT - OPP115", "wall_time_sec": 2156.2268697129994, "cpu_user_sec": 2144.84, "cpu_system_sec": 4.52, "ram_delta_mb": 1324.76171875, "gpu_peak_mem_mb": 7489.453125}
