{"tag": "TRAINING - BERT - Seed 42", "wall_time_sec": 2156.9298529549997, "cpu_user_sec": 2144.69, "cpu_system_sec": 4.61, "ram_delta_mb": 1438.94140625, "gpu_peak_mem_mb": 7489.45263671875}
