{"tag": "TRAINING - RoBERTa - OPP115", "wall_time_sec": 2161.9818342470007, "cpu_user_sec": 2150.05, "cpu_system_sec": 5.79, "ram_delta_mb": 1342.984375, "gpu_peak_mem_mb": 7664.5234375}
