{"tag": "EVAL - BERT - OPP115", "wall_time_sec": 65.73309095698642, "cpu_user_sec": 66.08, "cpu_system_sec": 0.06000000000000005, "ram_delta_mb": 50.7109375, "gpu_peak_mem_mb": 789.0791015625}
