{
  "precision_macro": 0.7495792729704349,
  "recall_macro": 0.7675175599255696,
  "f1_macro": 0.7467169950307407,
  "f2_macro": 0.7638615443258294,
  "precision_weighted": 0.8451869331891847,
  "recall_weighted": 0.8133064516129033,
  "f1_weighted": 0.8248803540636984,
  "f2_weighted": 0.8194886801218116,
  "precision_micro": 0.8133064516129033,
  "recall_micro": 0.8133064516129033,
  "f1_micro": 0.8133064516129033,
  "f2_micro": 0.8133064516129033,
  "classification_report": {
    "0": {
      "precision": 0.9042821158690176,
      "recall": 0.7951273532668881,
      "f1-score": 0.8461991750147319,
      "support": 903.0
    },
    "1": {
      "precision": 0.924863387978142,
      "recall": 0.8780804150453956,
      "f1-score": 0.9008649367930806,
      "support": 771.0
    },
    "2": {
      "precision": 0.7983539094650206,
      "recall": 0.7238805970149254,
      "f1-score": 0.7592954990215264,
      "support": 268.0
    },
    "3": {
      "precision": 0.1326530612244898,
      "recall": 0.40625,
      "f1-score": 0.2,
      "support": 32.0
    },
    "4": {
      "precision": 0.7731958762886598,
      "recall": 0.8620689655172413,
      "f1-score": 0.8152173913043478,
      "support": 87.0
    },
    "5": {
      "precision": 0.82,
      "recall": 0.8723404255319149,
      "f1-score": 0.845360824742268,
      "support": 47.0
    },
    "6": {
      "precision": 1.0,
      "recall": 0.7777777777777778,
      "f1-score": 0.875,
      "support": 9.0
    },
    "7": {
      "precision": 0.782608695652174,
      "recall": 0.782608695652174,
      "f1-score": 0.782608695652174,
      "support": 69.0
    },
    "8": {
      "precision": 0.6102564102564103,
      "recall": 0.8095238095238095,
      "f1-score": 0.695906432748538,
      "support": 294.0
    },
    "accuracy": 0.8133064516129033,
    "macro avg": {
      "precision": 0.7495792729704349,
      "recall": 0.7675175599255696,
      "f1-score": 0.7467169950307407,
      "support": 2480.0
    },
    "weighted avg": {
      "precision": 0.8451869331891847,
      "recall": 0.8133064516129033,
      "f1-score": 0.8248803540636984,
      "support": 2480.0
    }
  },
  "confusion_matrix": [
    [
      718,
      46,
      27,
      76,
      1,
      0,
      0,
      0,
      35
    ],
    [
      28,
      677,
      3,
      7,
      8,
      4,
      0,
      0,
      44
    ],
    [
      22,
      1,
      194,
      0,
      0,
      0,
      0,
      5,
      46
    ],
    [
      14,
      2,
      3,
      13,
      0,
      0,
      0,
      0,
      0
    ],
    [
      0,
      0,
      0,
      0,
      75,
      0,
      0,
      0,
      12
    ],
    [
      2,
      0,
      2,
      0,
      0,
      41,
      0,
      0,
      2
    ],
    [
      0,
      0,
      0,
      0,
      0,
      0,
      7,
      0,
      2
    ],
    [
      1,
      2,
      1,
      0,
      0,
      0,
      0,
      54,
      11
    ],
    [
      9,
      4,
      13,
      2,
      13,
      5,
      0,
      10,
      238
    ]
  ]
}