{
  "precision_macro": 0.7452927758288824,
  "recall_macro": 0.7680621138386996,
  "f1_macro": 0.7377212519053767,
  "f2_macro": 0.7633976224961733,
  "precision_weighted": 0.8349926358681355,
  "recall_weighted": 0.7915322580645161,
  "f1_weighted": 0.8051233187550745,
  "f2_weighted": 0.7998585965983874,
  "precision_micro": 0.7915322580645161,
  "recall_micro": 0.7915322580645161,
  "f1_micro": 0.7915322580645161,
  "f2_micro": 0.7915322580645161,
  "classification_report": {
    "0": {
      "precision": 0.9023066485753053,
      "recall": 0.7364341085271318,
      "f1-score": 0.8109756097560976,
      "support": 903.0,
      "f2-score": 0.7645435732352265
    },
    "1": {
      "precision": 0.9284692417739628,
      "recall": 0.8417639429312581,
      "f1-score": 0.8829931972789116,
      "support": 771.0,
      "f2-score": 0.8577848268569918
    },
    "2": {
      "precision": 0.7294520547945206,
      "recall": 0.7947761194029851,
      "f1-score": 0.7607142857142857,
      "support": 268.0,
      "f2-score": 0.780791788856305
    },
    "3": {
      "precision": 0.14953271028037382,
      "recall": 0.5,
      "f1-score": 0.23021582733812948,
      "support": 32.0,
      "f2-score": 0.3404255319148936
    },
    "4": {
      "precision": 0.7450980392156863,
      "recall": 0.8735632183908046,
      "f1-score": 0.8042328042328043,
      "support": 87.0,
      "f2-score": 0.8444444444444444
    },
    "5": {
      "precision": 0.8235294117647058,
      "recall": 0.8936170212765957,
      "f1-score": 0.8571428571428571,
      "support": 47.0,
      "f2-score": 0.8786610878661087
    },
    "6": {
      "precision": 1.0,
      "recall": 0.6666666666666666,
      "f1-score": 0.8,
      "support": 9.0,
      "f2-score": 0.7142857142857142
    },
    "7": {
      "precision": 0.8571428571428571,
      "recall": 0.782608695652174,
      "f1-score": 0.8181818181818182,
      "support": 69.0,
      "f2-score": 0.7964601769911505
    },
    "8": {
      "precision": 0.5721040189125296,
      "recall": 0.8231292517006803,
      "f1-score": 0.6750348675034868,
      "support": 294.0,
      "f2-score": 0.7567229518449032
    },
    "accuracy": 0.7915322580645161,
    "macro avg": {
      "precision": 0.7452927758288824,
      "recall": 0.7680621138386996,
      "f1-score": 0.7377212519053767,
      "support": 2480.0,
      "f2-score": 0.7633976224961733
    },
    "weighted avg": {
      "precision": 0.8349926358681355,
      "recall": 0.7915322580645161,
      "f1-score": 0.8051233187550745,
      "support": 2480.0,
      "f2-score": 0.7998585965983874
    }
  },
  "confusion_matrix": [
    [
      665,
      45,
      50,
      82,
      6,
      1,
      0,
      0,
      54
    ],
    [
      38,
      649,
      9,
      8,
      6,
      1,
      0,
      0,
      60
    ],
    [
      10,
      1,
      213,
      0,
      3,
      0,
      0,
      2,
      39
    ],
    [
      12,
      1,
      3,
      16,
      0,
      0,
      0,
      0,
      0
    ],
    [
      0,
      0,
      0,
      0,
      76,
      0,
      0,
      0,
      11
    ],
    [
      2,
      0,
      0,
      0,
      0,
      42,
      0,
      0,
      3
    ],
    [
      1,
      0,
      0,
      0,
      0,
      0,
      6,
      0,
      2
    ],
    [
      1,
      0,
      2,
      0,
      0,
      0,
      0,
      54,
      12
    ],
    [
      8,
      3,
      15,
      1,
      11,
      7,
      0,
      7,
      242
    ]
  ]
}