{
  "precision_macro": 0.5617018943018159,
  "recall_macro": 0.7219866351441353,
  "f1_macro": 0.5863740424468068,
  "f2_macro": 0.6830066882605692,
  "precision_weighted": 0.7455829473584967,
  "recall_weighted": 0.6600806451612903,
  "f1_weighted": 0.6862896198863816,
  "f2_weighted": 0.6755754348948914,
  "precision_micro": 0.6600806451612903,
  "recall_micro": 0.6600806451612903,
  "f1_micro": 0.6600806451612903,
  "f2_micro": 0.6600806451612903,
  "classification_report": {
    "0": {
      "precision": 0.820979020979021,
      "recall": 0.6500553709856035,
      "f1-score": 0.7255871446229913,
      "support": 903.0,
      "f2-score": 0.6782990524612895
    },
    "1": {
      "precision": 0.9086614173228347,
      "recall": 0.748378728923476,
      "f1-score": 0.8207681365576103,
      "support": 771.0,
      "f2-score": 0.7757461683248185
    },
    "2": {
      "precision": 0.5614617940199336,
      "recall": 0.6305970149253731,
      "f1-score": 0.5940246045694201,
      "support": 268.0,
      "f2-score": 0.6154406409322651
    },
    "3": {
      "precision": 0.0975609756097561,
      "recall": 0.75,
      "f1-score": 0.17266187050359713,
      "support": 32.0,
      "f2-score": 0.32085561497326204
    },
    "4": {
      "precision": 0.5,
      "recall": 0.8275862068965517,
      "f1-score": 0.6233766233766234,
      "support": 87.0,
      "f2-score": 0.7317073170731708
    },
    "5": {
      "precision": 0.3464566929133858,
      "recall": 0.9361702127659575,
      "f1-score": 0.5057471264367817,
      "support": 47.0,
      "f2-score": 0.6984126984126984
    },
    "6": {
      "precision": 0.7777777777777778,
      "recall": 0.7777777777777778,
      "f1-score": 0.7777777777777778,
      "support": 9.0,
      "f2-score": 0.7777777777777778
    },
    "7": {
      "precision": 0.5321100917431193,
      "recall": 0.8405797101449275,
      "f1-score": 0.651685393258427,
      "support": 69.0,
      "f2-score": 0.7532467532467533
    },
    "8": {
      "precision": 0.5103092783505154,
      "recall": 0.336734693877551,
      "f1-score": 0.4057377049180328,
      "support": 294.0,
      "f2-score": 0.3613138686131387
    },
    "accuracy": 0.6600806451612903,
    "macro avg": {
      "precision": 0.5617018943018159,
      "recall": 0.7219866351441353,
      "f1-score": 0.5863740424468068,
      "support": 2480.0,
      "f2-score": 0.6830066882605692
    },
    "weighted avg": {
      "precision": 0.7455829473584967,
      "recall": 0.6600806451612903,
      "f1-score": 0.6862896198863816,
      "support": 2480.0,
      "f2-score": 0.6755754348948914
    }
  },
  "confusion_matrix": [
    [
      587,
      36,
      73,
      173,
      9,
      5,
      0,
      5,
      15
    ],
    [
      60,
      577,
      9,
      21,
      34,
      19,
      0,
      3,
      48
    ],
    [
      40,
      4,
      169,
      6,
      5,
      15,
      0,
      7,
      22
    ],
    [
      7,
      1,
      0,
      24,
      0,
      0,
      0,
      0,
      0
    ],
    [
      0,
      2,
      0,
      2,
      72,
      2,
      0,
      3,
      6
    ],
    [
      0,
      2,
      1,
      0,
      0,
      44,
      0,
      0,
      0
    ],
    [
      1,
      0,
      1,
      0,
      0,
      0,
      7,
      0,
      0
    ],
    [
      0,
      2,
      0,
      3,
      1,
      1,
      0,
      58,
      4
    ],
    [
      20,
      11,
      48,
      17,
      23,
      41,
      2,
      33,
      99
    ]
  ]
}